1;Joao;joao@email.com
2;Maria;maria@email.com
3;Carlos;carlos@email.com
4;Ana;ana@email.com
5;Pedro;pedro@email.com
6;Julia;julia@email.com
7;Lucas;lucas@email.com
8;Mariana;mariana@email.com
9;Felipe;felipe@email.com
10;Laura;laura@email.com
11;Roberto;roberto@email.com
12;Giovanna;giovanna@email.com
13;Rafael;rafael@email.com
14;Fernanda;fernanda@email.com
15;Gabriel;gabriel@email.com
16;Sofia;sofia@email.com
17;Paulo;paulo@email.com
18;Isabela;isabela@email.com
19;Diego;diego@email.com
20;Camila;camila@email.com
21;Ricardo;ricardo@email.com
23;Fernando;fernando@email.com
24;Luiza;luiza@email.com
25;Eduardo;eduardo@email.com
26;Carolina;carolina@email.com
27;Thiago;thiago@email.com
28;Amanda;amanda@email.com
29;Hugo;hugo@email.com
30;Vitor;vitor@email.com
31;Cristina;cristina@email.com
32;Marcos;marcos@email.com
33;Tatiana;tatiana@email.com
34;Renato;renato@email.com
35;Bruna;bruna@email.com
37;alice;alice@email.com
36;moacir;moacir@email.com